{"cameraMode":{"drawMode":0,"name":"Shaded","section":"Shading Mode"},"sceneLighting":true,"audioPlay":false,"sceneViewState":{"m_AlwaysRefresh":false,"showFog":true,"showSkybox":true,"showFlares":true,"showImageEffects":true,"showParticleSystems":true,"showVisualEffectGraphs":true,"m_FxEnabled":true},"in2DMode":false,"pivot":{"x":167.06024169921876,"y":8.657737731933594,"z":17.128036499023439},"rotation":{"x":0.06459379196166992,"y":-0.6925337910652161,"z":0.062497131526470187,"w":0.7157735228538513},"size":138.9049835205078,"orthographic":true}